"","AnalyteGroup","AnalyteGroupSimple","Analyte","AnalyteFull","Tshd_Area_TICA_perc25","Tshd_Area_TICA_perc50","Tshd_Area_TICA_perc75","Tshd_Area_TICA_perc90"
"1","Behentrimonium chloride","Others","BTAC-228-Cl","Behentrimonium chloride_BTAC-228-Cl",5e-05,0.00013,0.00033,0.0013
"2","Bis(2-ethylhexyl) adipate","Others","DEHA","Bis(2-ethylhexyl) adipate_DEHA",7.1e-05,0.00025,0.00067,0.0016
"3","CHAPS","Others","CHAPS","CHAPS_CHAPS",0.062,0.32,0.88,2.3
"4","DECYL-PEG","DECYL-PEG","C18H38O5 Na","DECYL-PEG_C18H38O5 Na",6.4e-05,0.00017,0.00047,0.0011
"5","DECYL-PEG","DECYL-PEG","C18H38O5 NH4","DECYL-PEG_C18H38O5 NH4",8.1e-05,0.00028,0.00098,0.002
"6","DECYL-PEG","DECYL-PEG","C20H42O6","DECYL-PEG_C20H42O6",4e-04,0.0014,0.0046,0.012
"7","DECYL-PEG","DECYL-PEG","C20H42O6 Na","DECYL-PEG_C20H42O6 Na",0.00059,0.0033,0.0073,0.015
"8","DECYL-PEG","DECYL-PEG","C20H42O6 NH4","DECYL-PEG_C20H42O6 NH4",0.00028,0.0011,0.0039,0.0087
"9","DECYL-PEG","DECYL-PEG","C22H46O7","DECYL-PEG_C22H46O7",0.00079,0.0023,0.008,0.026
"10","DECYL-PEG","DECYL-PEG","C22H46O7 Na","DECYL-PEG_C22H46O7 Na",0.00033,0.00082,0.0024,0.0056
"11","DECYL-PEG","DECYL-PEG","C22H46O7 NH4","DECYL-PEG_C22H46O7 NH4",0.0015,0.005,0.021,0.049
"12","DECYL-PEG","DECYL-PEG","C24H50O8","DECYL-PEG_C24H50O8",6.7e-05,0.00023,0.002,0.018
"13","DECYL-PEG","DECYL-PEG","C24H50O8 Na","DECYL-PEG_C24H50O8 Na",3.1e-05,8.8e-05,0.00031,0.00079
"14","DECYL-PEG","DECYL-PEG","C24H50O8 NH4","DECYL-PEG_C24H50O8 NH4",0.00027,0.0013,0.0048,0.041
"15","DECYL-PEG","DECYL-PEG","C26H54O9","DECYL-PEG_C26H54O9",5.5e-05,0.00021,0.0012,0.0091
"16","DECYL-PEG","DECYL-PEG","C26H54O9 Na","DECYL-PEG_C26H54O9 Na",0.00011,0.00026,0.00055,0.0058
"17","DECYL-PEG","DECYL-PEG","C26H54O9 NH4","DECYL-PEG_C26H54O9 NH4",0.00024,0.0011,0.0043,0.035
"18","DECYL-PEG","DECYL-PEG","C28H58O10","DECYL-PEG_C28H58O10",3.8e-05,0.00015,0.00073,0.005
"19","DECYL-PEG","DECYL-PEG","C28H58O10 Na","DECYL-PEG_C28H58O10 Na",7.4e-05,0.00016,0.00047,0.0011
"20","DECYL-PEG","DECYL-PEG","C28H58O10 NH4","DECYL-PEG_C28H58O10 NH4",2e-04,0.00087,0.0033,0.023
"21","DECYL-PEG","DECYL-PEG","C30H62O11","DECYL-PEG_C30H62O11",0.00064,0.0015,0.0031,0.0093
"22","DECYL-PEG","DECYL-PEG","C30H62O11 Na","DECYL-PEG_C30H62O11 Na",2e-04,0.00045,0.0013,0.003
"23","DECYL-PEG","DECYL-PEG","C30H62O11 NH4","DECYL-PEG_C30H62O11 NH4",0.0015,0.0059,0.017,0.043
"24","DECYL-PEG","DECYL-PEG","C32H66O12","DECYL-PEG_C32H66O12",8.7e-05,0.00025,0.00074,0.002
"25","DECYL-PEG","DECYL-PEG","C32H66O12 Na","DECYL-PEG_C32H66O12 Na",0.00013,5e-04,0.0014,0.0038
"26","DECYL-PEG","DECYL-PEG","C32H66O12 NH4","DECYL-PEG_C32H66O12 NH4",0.00026,0.00062,0.0022,0.0072
"27","DECYL-PEG","DECYL-PEG","C34H70O13","DECYL-PEG_C34H70O13",6.8e-05,3e-04,0.00093,0.0022
"28","DECYL-PEG","DECYL-PEG","C34H70O13 Na","DECYL-PEG_C34H70O13 Na",0.00011,0.00056,0.0018,0.0063
"29","DECYL-PEG","DECYL-PEG","C34H70O13 NH4","DECYL-PEG_C34H70O13 NH4",0.00016,0.00051,0.002,0.0043
"30","DECYL-PEG","DECYL-PEG","C36H74O14","DECYL-PEG_C36H74O14",7.2e-05,0.00023,0.00085,0.0019
"31","DECYL-PEG","DECYL-PEG","C36H74O14 Na","DECYL-PEG_C36H74O14 Na",6.3e-05,0.00018,0.00071,0.0022
"32","DECYL-PEG","DECYL-PEG","C36H74O14 NH4","DECYL-PEG_C36H74O14 NH4",0.00011,0.00035,0.0011,0.0026
"33","DECYL-PEG","DECYL-PEG","C38H78O15","DECYL-PEG_C38H78O15",7.6e-05,0.00034,0.00094,0.0021
"34","DECYL-PEG","DECYL-PEG","C38H78O15 Na","DECYL-PEG_C38H78O15 Na",6.2e-05,0.00018,0.00045,9e-04
"35","DECYL-PEG","DECYL-PEG","C38H78O15 NH4","DECYL-PEG_C38H78O15 NH4",5.9e-05,0.00025,0.00072,0.0016
"36","DECYL-PEG","DECYL-PEG","C40H82O16","DECYL-PEG_C40H82O16",7.3e-05,0.00023,6e-04,0.0014
"37","DECYL-PEG","DECYL-PEG","C40H82O16 Na","DECYL-PEG_C40H82O16 Na",0.00011,0.00037,0.00079,0.0014
"38","DECYL-PEG","DECYL-PEG","C40H82O16 NH4","DECYL-PEG_C40H82O16 NH4",3.9e-05,0.00014,0.00047,0.0015
"39","DECYL-PEG","DECYL-PEG","C42H86O17","DECYL-PEG_C42H86O17",7.1e-05,0.00026,0.00094,0.0019
"40","DECYL-PEG","DECYL-PEG","C42H86O17 Na","DECYL-PEG_C42H86O17 Na",2.7e-05,7.6e-05,0.00025,0.0011
"41","DECYL-PEG","DECYL-PEG","C42H86O17 NH4","DECYL-PEG_C42H86O17 NH4",5.8e-05,0.00014,0.00028,0.00061
"42","DECYL-PEG","DECYL-PEG","C44H90O18","DECYL-PEG_C44H90O18",2.8e-05,0.00024,0.00089,0.0016
"43","DECYL-PEG","DECYL-PEG","C44H90O18 Na","DECYL-PEG_C44H90O18 Na",4.5e-05,0.00013,0.00043,0.00082
"44","DECYL-PEG","DECYL-PEG","C44H90O18 NH4","DECYL-PEG_C44H90O18 NH4",9.2e-05,2e-04,0.00069,0.002
"45","DECYL-PEG","DECYL-PEG","C46H94O19","DECYL-PEG_C46H94O19",1.6e-05,5.7e-05,0.00016,0.00038
"46","DECYL-PEG","DECYL-PEG","C46H94O19 Na","DECYL-PEG_C46H94O19 Na",4.2e-05,2e-04,0.00077,0.0025
"47","DECYL-PEG","DECYL-PEG","C46H94O19 NH4","DECYL-PEG_C46H94O19 NH4",7e-05,0.00015,0.00042,0.0013
"48","DECYL-PEG","DECYL-PEG","C48H98O20","DECYL-PEG_C48H98O20",1.6e-05,4.2e-05,0.00013,0.00025
"49","DECYL-PEG","DECYL-PEG","C48H98O20 Na","DECYL-PEG_C48H98O20 Na",1.9e-05,5.9e-05,0.00019,0.00057
"50","DECYL-PEG","DECYL-PEG","C48H98O20 NH4","DECYL-PEG_C48H98O20 NH4",4.9e-05,1e-04,0.00028,0.00077
"51","Dicyclohexylurea","Others","2DCU","Dicyclohexylurea_2DCU",6.8e-06,1.4e-05,4e-05,0.00012
"52","Didodecyl 3,3' thiodipropionate ","Didodecyl 3,3' thiodipropionate ","DDTDP ","Didodecyl 3,3' thiodipropionate _DDTDP ",3e-05,6.9e-05,0.00019,0.00076
"53","Didodecyl 3,3' thiodipropionate ","Didodecyl 3,3' thiodipropionate ","DDTDP oxidized to sulfone","Didodecyl 3,3' thiodipropionate _DDTDP oxidized to sulfone",2.2e-05,0.00011,0.00034,0.0014
"54","Didodecyl 3,3' thiodipropionate ","Didodecyl 3,3' thiodipropionate ","DDTDP oxidized to sulfoxide","Didodecyl 3,3' thiodipropionate _DDTDP oxidized to sulfoxide",6.2e-05,0.00016,0.00036,0.001
"55","Didodecyl 3,3' thiodipropionate ","Didodecyl 3,3' thiodipropionate ","DDTDP oxidized to sulfoxide - Na+","Didodecyl 3,3' thiodipropionate _DDTDP oxidized to sulfoxide - Na+",1.3e-05,3.7e-05,0.00015,0.00064
"56","Dioctyl adipate ","Others","DOA","Dioctyl adipate _DOA",7.1e-05,0.00025,0.00067,0.0016
"57","Dipalmityldimethylammonium chloride","Others","DPDMA","Dipalmityldimethylammonium chloride_DPDMA",0.00049,0.0036,0.0071,0.011
"58","Distearyldimethylammonium chloride","Others","DSM","Distearyldimethylammonium chloride_DSM",0.0016,0.0036,0.0089,0.014
"59","Erucamide","Others","Erucamide Na","Erucamide_Erucamide Na",3.9e-05,0.00011,0.00034,0.0018
"60","IGEPAL-630/NP40","IGEPAL-630/NP40","(C2H4O)10","IGEPAL-630/NP40_(C2H4O)10",3.9e-05,8.8e-05,0.00023,0.00082
"61","IGEPAL-630/NP40","IGEPAL-630/NP40","(C2H4O)11","IGEPAL-630/NP40_(C2H4O)11",2.1e-05,7.8e-05,0.00026,0.00094
"62","IGEPAL-630/NP40","IGEPAL-630/NP40","(C2H4O)12","IGEPAL-630/NP40_(C2H4O)12",1.9e-05,6e-05,0.00021,0.0011
"63","IGEPAL-630/NP40","IGEPAL-630/NP40","(C2H4O)13","IGEPAL-630/NP40_(C2H4O)13",2.8e-05,8.9e-05,0.00021,0.00074
"64","IGEPAL-630/NP40","IGEPAL-630/NP40","(C2H4O)14","IGEPAL-630/NP40_(C2H4O)14",1.4e-05,4.4e-05,0.00016,0.00071
"65","IGEPAL-630/NP40","IGEPAL-630/NP40","(C2H4O)15","IGEPAL-630/NP40_(C2H4O)15",2.9e-05,6.9e-05,0.00021,0.0014
"66","IGEPAL-630/NP40","IGEPAL-630/NP40","(C2H4O)16","IGEPAL-630/NP40_(C2H4O)16",3.7e-05,0.00011,0.00027,0.00059
"67","IGEPAL-630/NP40","IGEPAL-630/NP40","(C2H4O)17","IGEPAL-630/NP40_(C2H4O)17",3.1e-05,5.7e-05,0.00016,0.00048
"68","IGEPAL-630/NP40","IGEPAL-630/NP40","(C2H4O)18","IGEPAL-630/NP40_(C2H4O)18",2.7e-05,8e-05,0.00028,0.00056
"69","IGEPAL-630/NP40","IGEPAL-630/NP40","(C2H4O)19","IGEPAL-630/NP40_(C2H4O)19",1.2e-05,2.8e-05,7.9e-05,4e-04
"70","IGEPAL-630/NP40","IGEPAL-630/NP40","(C2H4O)20","IGEPAL-630/NP40_(C2H4O)20",2.9e-05,1e-04,0.00038,0.0011
"71","IGEPAL-630/NP40","IGEPAL-630/NP40","(C2H4O)21","IGEPAL-630/NP40_(C2H4O)21",1.9e-05,7.1e-05,0.00021,0.00046
"72","IGEPAL-630/NP40","IGEPAL-630/NP40","(C2H4O)22","IGEPAL-630/NP40_(C2H4O)22",2.4e-05,6.5e-05,4e-04,0.0011
"73","IGEPAL-630/NP40","IGEPAL-630/NP40","(C2H4O)23","IGEPAL-630/NP40_(C2H4O)23",0.00013,5e-04,0.0015,0.0036
"74","IGEPAL-630/NP40","IGEPAL-630/NP40","(C2H4O)24","IGEPAL-630/NP40_(C2H4O)24",2.6e-05,8.6e-05,0.00022,0.00068
"75","IGEPAL-630/NP40","IGEPAL-630/NP40","(C2H4O)3","IGEPAL-630/NP40_(C2H4O)3",5.9e-05,0.00022,0.00071,0.0019
"76","IGEPAL-630/NP40","IGEPAL-630/NP40","(C2H4O)4","IGEPAL-630/NP40_(C2H4O)4",3e-05,8.7e-05,0.00029,9e-04
"77","IGEPAL-630/NP40","IGEPAL-630/NP40","(C2H4O)5","IGEPAL-630/NP40_(C2H4O)5",0.00018,0.00047,0.0015,0.0038
"78","IGEPAL-630/NP40","IGEPAL-630/NP40","(C2H4O)6","IGEPAL-630/NP40_(C2H4O)6",3e-04,0.0011,0.003,0.0073
"79","IGEPAL-630/NP40","IGEPAL-630/NP40","(C2H4O)7","IGEPAL-630/NP40_(C2H4O)7",0.00042,0.0011,0.0026,0.0074
"80","IGEPAL-630/NP40","IGEPAL-630/NP40","(C2H4O)8","IGEPAL-630/NP40_(C2H4O)8",9.8e-05,0.00032,0.00081,0.002
"81","IGEPAL-630/NP40","IGEPAL-630/NP40","(C2H4O)9","IGEPAL-630/NP40_(C2H4O)9",0.0033,0.013,0.032,0.089
"82","Irganox","Others","Irganox","Irganox_Irganox",6e-05,0.00016,0.00047,0.0013
"83","Irganox","Others","Irganox Na","Irganox_Irganox Na",0.00015,0.00097,0.0033,0.0067
"84","n-Nonyl PEG","n-Nonyl PEG","C19H40O6","n-Nonyl PEG_C19H40O6",0.00079,0.0026,0.0073,0.017
"85","n-Nonyl PEG","n-Nonyl PEG","C19H40O6 Na","n-Nonyl PEG_C19H40O6 Na",0.00082,0.0014,0.0034,0.007
"86","n-Nonyl PEG","n-Nonyl PEG","C19H40O6 NH4","n-Nonyl PEG_C19H40O6 NH4",0.00044,0.0016,0.0051,0.012
"87","n-Nonyl PEG","n-Nonyl PEG","C21H44O7","n-Nonyl PEG_C21H44O7",2e-05,6.6e-05,0.00021,0.00059
"88","n-Nonyl PEG","n-Nonyl PEG","C21H44O7 Na","n-Nonyl PEG_C21H44O7 Na",6e-05,0.00017,0.00032,0.00074
"89","n-Nonyl PEG","n-Nonyl PEG","C21H44O7 NH4","n-Nonyl PEG_C21H44O7 NH4",3.7e-05,0.00012,0.00044,0.00099
"90","n-Nonyl PEG","n-Nonyl PEG","C23H48O8","n-Nonyl PEG_C23H48O8",0.00015,0.00081,0.0021,0.0092
"91","n-Nonyl PEG","n-Nonyl PEG","C23H48O8 Na","n-Nonyl PEG_C23H48O8 Na",0.00021,0.0015,0.0051,0.0081
"92","n-Nonyl PEG","n-Nonyl PEG","C23H48O8 NH4","n-Nonyl PEG_C23H48O8 NH4",6.1e-05,0.00018,6e-04,0.0014
"93","n-Nonyl PEG","n-Nonyl PEG","C25H52O9","n-Nonyl PEG_C25H52O9",7.5e-06,2e-05,6.3e-05,0.00018
"94","n-Nonyl PEG","n-Nonyl PEG","C25H52O9 Na","n-Nonyl PEG_C25H52O9 Na",0.00012,0.00027,0.00066,0.0013
"95","n-Nonyl PEG","n-Nonyl PEG","C25H52O9 NH4","n-Nonyl PEG_C25H52O9 NH4",5.1e-05,0.00012,0.00038,0.00085
"96","n-Nonyl PEG","n-Nonyl PEG","C27H56O10","n-Nonyl PEG_C27H56O10",0.00054,0.0016,0.0036,0.01
"97","n-Nonyl PEG","n-Nonyl PEG","C27H56O10 Na","n-Nonyl PEG_C27H56O10 Na",0.00017,0.00041,0.0012,0.0037
"98","n-Nonyl PEG","n-Nonyl PEG","C27H56O10 NH4","n-Nonyl PEG_C27H56O10 NH4",0.002,0.0068,0.017,0.053
"99","n-Nonyl PEG","n-Nonyl PEG","C29H60O11","n-Nonyl PEG_C29H60O11",0.00012,0.00026,0.00062,0.0014
"100","n-Nonyl PEG","n-Nonyl PEG","C29H60O11 Na","n-Nonyl PEG_C29H60O11 Na",3.8e-05,7.4e-05,0.00017,0.00051
"101","n-Nonyl PEG","n-Nonyl PEG","C29H60O11 NH4","n-Nonyl PEG_C29H60O11 NH4",0.00011,0.00031,0.00078,0.0015
"102","n-Nonyl PEG","n-Nonyl PEG","C31H64O12","n-Nonyl PEG_C31H64O12",5.8e-05,0.00018,0.00061,0.0015
"103","n-Nonyl PEG","n-Nonyl PEG","C31H64O12 Na","n-Nonyl PEG_C31H64O12 Na",2e-05,5.6e-05,0.00017,0.00054
"104","n-Nonyl PEG","n-Nonyl PEG","C31H64O12 NH4","n-Nonyl PEG_C31H64O12 NH4",5e-05,2e-04,0.00049,0.0014
"105","n-Nonyl PEG","n-Nonyl PEG","C33H68O13","n-Nonyl PEG_C33H68O13",8.7e-05,0.00029,0.00083,0.0021
"106","n-Nonyl PEG","n-Nonyl PEG","C33H68O13 Na","n-Nonyl PEG_C33H68O13 Na",9.3e-06,2.7e-05,7.3e-05,0.00017
"107","n-Nonyl PEG","n-Nonyl PEG","C33H68O13 NH4","n-Nonyl PEG_C33H68O13 NH4",5.8e-05,0.00011,0.00032,0.001
"108","n-Nonyl PEG","n-Nonyl PEG","C35H72O14","n-Nonyl PEG_C35H72O14",6.5e-05,3e-04,0.00097,0.0022
"109","n-Nonyl PEG","n-Nonyl PEG","C35H72O14 Na","n-Nonyl PEG_C35H72O14 Na",1.3e-05,5.3e-05,0.00015,0.00042
"110","n-Nonyl PEG","n-Nonyl PEG","C35H72O14 NH4","n-Nonyl PEG_C35H72O14 NH4",7.8e-05,2e-04,0.00049,0.0015
"111","n-Nonyl PEG","n-Nonyl PEG","C37H76O15","n-Nonyl PEG_C37H76O15",4.8e-05,0.00026,0.00082,0.0018
"112","n-Nonyl PEG","n-Nonyl PEG","C37H76O15 Na","n-Nonyl PEG_C37H76O15 Na",3.9e-05,0.00012,0.00032,0.00077
"113","n-Nonyl PEG","n-Nonyl PEG","C37H76O15 NH4","n-Nonyl PEG_C37H76O15 NH4",2.3e-05,6.6e-05,0.00018,0.00047
"114","n-Nonyl PEG","n-Nonyl PEG","C39H80O16","n-Nonyl PEG_C39H80O16",1.7e-05,7.5e-05,0.00022,0.00055
"115","n-Nonyl PEG","n-Nonyl PEG","C39H80O16 Na","n-Nonyl PEG_C39H80O16 Na",1e-04,2e-04,0.00036,0.0011
"116","n-Nonyl PEG","n-Nonyl PEG","C39H80O16 NH4","n-Nonyl PEG_C39H80O16 NH4",3.4e-05,7.6e-05,2e-04,0.00053
"117","n-Nonyl PEG","n-Nonyl PEG","C41H84O17","n-Nonyl PEG_C41H84O17",1.3e-05,3.5e-05,8.1e-05,0.00017
"118","n-Nonyl PEG","n-Nonyl PEG","C41H84O17 Na","n-Nonyl PEG_C41H84O17 Na",0.00028,0.00069,0.0019,0.0041
"119","n-Nonyl PEG","n-Nonyl PEG","C41H84O17 NH4","n-Nonyl PEG_C41H84O17 NH4",0.00019,0.00079,0.0019,0.0029
"120","n-Nonyl PEG","n-Nonyl PEG","C43H88O18","n-Nonyl PEG_C43H88O18",2.4e-05,6.1e-05,0.00018,0.00069
"121","n-Nonyl PEG","n-Nonyl PEG","C43H88O18 Na","n-Nonyl PEG_C43H88O18 Na",5.1e-05,0.00022,0.00053,0.0016
"122","n-Nonyl PEG","n-Nonyl PEG","C43H88O18 NH4","n-Nonyl PEG_C43H88O18 NH4",6.8e-05,0.00017,0.00036,0.0011
"123","n-Nonyl PEG","n-Nonyl PEG","C45H92O19","n-Nonyl PEG_C45H92O19",3e-05,9.2e-05,0.00022,0.00061
"124","n-Nonyl PEG","n-Nonyl PEG","C45H92O19 Na","n-Nonyl PEG_C45H92O19 Na",2.3e-05,4.9e-05,0.00013,0.00045
"125","n-Nonyl PEG","n-Nonyl PEG","C45H92O19 NH4","n-Nonyl PEG_C45H92O19 NH4",3.3e-05,7.2e-05,0.00021,0.00053
"126","n-Nonyl PEG","n-Nonyl PEG","C47H96O20","n-Nonyl PEG_C47H96O20",2.6e-05,9.2e-05,3e-04,0.00061
"127","n-Nonyl PEG","n-Nonyl PEG","C47H96O20 Na","n-Nonyl PEG_C47H96O20 Na",2.5e-05,7.2e-05,0.00032,0.00089
"128","n-Nonyl PEG","n-Nonyl PEG","C47H96O20 NH4","n-Nonyl PEG_C47H96O20 NH4",5.4e-05,0.00019,0.00044,0.00089
"129","nylon ","Others","Nylon_C24H44N4O4H","nylon _Nylon_C24H44N4O4H",0.00015,0.00081,0.002,0.0092
"130","nylon ","Others","Nylon_C36H66N6O6H","nylon _Nylon_C36H66N6O6H",0.00018,0.00037,0.00076,0.002
"131","nylon ","Others","Nylon_C48H88N8O8H","nylon _Nylon_C48H88N8O8H",0.00023,0.00057,0.0013,0.0022
"132","Palmitamidopropyl-trimonium chloride","Others","PAPTCl","Palmitamidopropyl-trimonium chloride_PAPTCl",4.7e-05,1e-04,0.00023,0.00077
"133","PEG","PEG","PEG07_Na","PEG_PEG07_Na",0.00066,0.0013,0.0021,0.02
"134","PEG","PEG","PEG08","PEG_PEG08",0.0026,0.0054,0.01,0.022
"135","PEG","PEG","PEG08_Na","PEG_PEG08_Na",0.00082,0.0025,0.0054,0.0081
"136","PEG","PEG","PEG08_NH4","PEG_PEG08_NH4",0.00079,0.0019,0.0084,0.026
"137","PEG","PEG","PEG09","PEG_PEG09",0.0099,0.016,0.11,0.37
"138","PEG","PEG","PEG09_Na","PEG_PEG09_Na",0.0024,0.0095,0.025,0.046
"139","PEG","PEG","PEG09_NH4","PEG_PEG09_NH4",0.0046,0.011,0.17,0.7
"140","PEG","PEG","PEG10","PEG_PEG10",0.0028,0.0066,0.14,0.41
"141","PEG","PEG","PEG10_Na","PEG_PEG10_Na",0.0028,0.0051,0.019,0.031
"142","PEG","PEG","PEG10_NH4","PEG_PEG10_NH4",0.0045,0.012,0.22,0.98
"143","PEG","PEG","PEG11","PEG_PEG11",0.0021,0.0044,0.078,0.29
"144","PEG","PEG","PEG11_Na","PEG_PEG11_Na",0.0051,0.011,0.019,0.29
"145","PEG","PEG","PEG11_NH4","PEG_PEG11_NH4",0.0054,0.013,0.24,0.9
"146","PEG","PEG","PEG12","PEG_PEG12",0.0028,0.01,0.071,0.29
"147","PEG","PEG","PEG12_Na","PEG_PEG12_Na",0.0043,0.0074,0.01,0.021
"148","PEG","PEG","PEG12_NH4","PEG_PEG12_NH4",0.0047,0.0088,0.15,0.66
"149","PEG","PEG","PEG13","PEG_PEG13",0.0024,0.0057,0.027,0.1
"150","PEG","PEG","PEG13_Na","PEG_PEG13_Na",0.0027,0.0052,0.011,0.023
"151","PEG","PEG","PEG13_NH4","PEG_PEG13_NH4",0.0028,0.0061,0.1,0.44
"152","PEG","PEG","PEG14","PEG_PEG14",0.0059,0.013,0.025,0.063
"153","PEG","PEG","PEG14_Na","PEG_PEG14_Na",0.0045,0.011,0.016,0.035
"154","PEG","PEG","PEG14_NH4","PEG_PEG14_NH4",0.0017,0.0037,0.081,0.28
"155","PEG","PEG","PEG15","PEG_PEG15",0.00078,0.0027,0.0093,0.039
"156","PEG","PEG","PEG15_Na","PEG_PEG15_Na",0.0019,0.0041,0.01,0.029
"157","PEG","PEG","PEG15_NH4","PEG_PEG15_NH4",0.0011,0.0021,0.054,0.16
"158","PEG","PEG","PEG16","PEG_PEG16",0.00058,0.0013,0.0048,0.013
"159","PEG","PEG","PEG16_Na","PEG_PEG16_Na",0.0036,0.0071,0.011,0.039
"160","PEG","PEG","PEG16_NH4","PEG_PEG16_NH4",8e-04,0.0021,0.029,0.081
"161","PEG","PEG","PEG17","PEG_PEG17",0.00086,0.0021,0.0045,0.0096
"162","PEG","PEG","PEG17_Na","PEG_PEG17_Na",0.0013,0.0044,0.015,0.027
"163","PEG","PEG","PEG17_NH4","PEG_PEG17_NH4",0.00063,0.0019,0.019,0.05
"164","PEG","PEG","PEG18","PEG_PEG18",4e-04,0.00091,0.0028,0.0066
"165","PEG","PEG","PEG18_Na","PEG_PEG18_Na",0.00094,0.0025,0.0056,0.0094
"166","PEG","PEG","PEG18_NH4","PEG_PEG18_NH4",0.00073,0.0018,0.01,0.025
"167","PEG","PEG","PEG19","PEG_PEG19",0.00038,0.00096,0.0023,0.0047
"168","PEG","PEG","PEG19_Na","PEG_PEG19_Na",0.00076,0.0015,0.0026,0.0062
"169","PEG","PEG","PEG19_NH4","PEG_PEG19_NH4",0.00033,0.00099,0.0053,0.014
"170","PEG","PEG","PEG20","PEG_PEG20",0.0015,0.0023,0.0051,0.015
"171","PEG","PEG","PEG20_Na","PEG_PEG20_Na",0.00051,0.0016,0.0041,0.0097
"172","PEG","PEG","PEG20_NH4","PEG_PEG20_NH4",0.00013,0.00029,0.0027,0.0088
"173","Phthalate esters","Phthalate esters","2DEHP K","Phthalate esters_2DEHP K",7.9e-05,0.00016,3e-04,5e-04
"174","Phthalate esters","Phthalate esters","2DEHP Na","Phthalate esters_2DEHP Na",3e-05,0.00014,0.00041,0.001
"175","Phthalate esters","Phthalate esters","2DEHP NH4","Phthalate esters_2DEHP NH4",4.7e-05,0.00014,0.00039,0.0014
"176","Phthalate esters","Phthalate esters","DEHP","Phthalate esters_DEHP",4e-04,0.0013,0.0025,0.0065
"177","Phthalate esters","Phthalate esters","DEHP K","Phthalate esters_DEHP K",0.00067,0.0015,0.0034,0.0084
"178","Phthalate esters","Phthalate esters","DEHP Na","Phthalate esters_DEHP Na",0.00058,0.0031,0.0089,0.017
"179","Phthalate esters","Phthalate esters","DEHP/ACN Na","Phthalate esters_DEHP/ACN Na",0.0011,0.0041,0.013,0.024
"180","Polysiloxane","Polysiloxane","C10H30Si5O5H","Polysiloxane_C10H30Si5O5H",0.00064,0.0032,0.011,0.032
"181","Polysiloxane","Polysiloxane","C10H30Si5O5H-CH4","Polysiloxane_C10H30Si5O5H-CH4",0.00063,0.0025,0.011,0.031
"182","Polysiloxane","Polysiloxane","C10H30Si5O5NH4","Polysiloxane_C10H30Si5O5NH4",2.7e-06,1.4e-05,3.8e-05,8.2e-05
"183","Polysiloxane","Polysiloxane","C12H36Si6O6H","Polysiloxane_C12H36Si6O6H",0.00098,0.0028,0.012,0.033
"184","Polysiloxane","Polysiloxane","C12H36Si6O6H-CH4","Polysiloxane_C12H36Si6O6H-CH4",0.00038,0.0011,0.0057,0.014
"185","Polysiloxane","Polysiloxane","C12H36Si6O6NH4","Polysiloxane_C12H36Si6O6NH4",2.3e-05,0.00011,0.00034,0.0018
"186","Polysiloxane","Polysiloxane","C14H42Si7O7H","Polysiloxane_C14H42Si7O7H",0.00036,0.0015,0.0045,0.013
"187","Polysiloxane","Polysiloxane","C14H42Si7O7H-CH4","Polysiloxane_C14H42Si7O7H-CH4",0.00015,6e-04,0.002,0.0054
"188","Polysiloxane","Polysiloxane","C14H42Si7O7NH4","Polysiloxane_C14H42Si7O7NH4",2.8e-05,8.5e-05,0.00021,0.00049
"189","Polysiloxane","Polysiloxane","C16H48Si8O8H","Polysiloxane_C16H48Si8O8H",9.4e-05,0.00037,0.0011,0.0032
"190","Polysiloxane","Polysiloxane","C16H48Si8O8H-CH4","Polysiloxane_C16H48Si8O8H-CH4",4.6e-05,0.00017,0.00071,0.0021
"191","Polysiloxane","Polysiloxane","C16H48Si8O8NH4","Polysiloxane_C16H48Si8O8NH4",2.3e-05,6.5e-05,0.00019,0.00044
"192","Polysiloxane","Polysiloxane","C18H54Si9O9H","Polysiloxane_C18H54Si9O9H",5e-05,0.00024,0.00063,0.0015
"193","Polysiloxane","Polysiloxane","C18H54Si9O9H-CH4","Polysiloxane_C18H54Si9O9H-CH4",6.8e-05,0.00018,0.00052,0.0019
"194","Polysiloxane","Polysiloxane","C18H54Si9O9NH4","Polysiloxane_C18H54Si9O9NH4",2.2e-05,5.4e-05,0.00014,0.00033
"195","Polysiloxane","Polysiloxane","C20H60Si10O10H","Polysiloxane_C20H60Si10O10H",6.1e-05,0.00018,0.00057,0.0015
"196","Polysiloxane","Polysiloxane","C20H60Si10O10H-CH4","Polysiloxane_C20H60Si10O10H-CH4",2.2e-05,6.5e-05,2e-04,0.00045
"197","Polysiloxane","Polysiloxane","C20H60Si10O10NH4","Polysiloxane_C20H60Si10O10NH4",1.3e-05,3.2e-05,8.4e-05,0.00019
"198","PPG","PPG","PPG06","PPG_PPG06",0.0013,0.0034,0.0087,0.016
"199","PPG","PPG","PPG06_Na","PPG_PPG06_Na",0.00084,0.002,0.0036,0.0084
"200","PPG","PPG","PPG06_NH4","PPG_PPG06_NH4",0.00026,0.00096,0.0028,0.006
"201","PPG","PPG","PPG07","PPG_PPG07",0.0019,0.0039,0.01,0.026
"202","PPG","PPG","PPG07_Na","PPG_PPG07_Na",0.00084,0.0015,0.0036,0.01
"203","PPG","PPG","PPG07_NH4","PPG_PPG07_NH4",0.0023,0.0054,0.016,0.04
"204","PPG","PPG","PPG08","PPG_PPG08",0.00084,0.0023,0.0058,0.015
"205","PPG","PPG","PPG08_Na","PPG_PPG08_Na",0.00095,0.0019,0.0046,0.015
"206","PPG","PPG","PPG08_NH4","PPG_PPG08_NH4",0.0021,0.0066,0.02,0.053
"207","PPG","PPG","PPG09","PPG_PPG09",0.00054,0.0016,0.0036,0.01
"208","PPG","PPG","PPG09_Na","PPG_PPG09_Na",0.00017,0.00041,0.0012,0.0037
"209","PPG","PPG","PPG09_NH4","PPG_PPG09_NH4",0.002,0.0068,0.017,0.053
"210","PPG","PPG","PPG10","PPG_PPG10",0.00064,0.0015,0.0031,0.0093
"211","PPG","PPG","PPG10_Na","PPG_PPG10_Na",2e-04,0.00045,0.0013,0.003
"212","PPG","PPG","PPG10_NH4","PPG_PPG10_NH4",0.0015,0.0059,0.017,0.043
"213","PPG","PPG","PPG11","PPG_PPG11",0.00039,9e-04,0.0023,0.0088
"214","PPG","PPG","PPG11_Na","PPG_PPG11_Na",9.6e-05,0.00023,0.00066,0.0027
"215","PPG","PPG","PPG11_NH4","PPG_PPG11_NH4",0.0011,0.004,0.0094,0.03
"216","PPG","PPG","PPG12","PPG_PPG12",0.00027,0.00081,0.0019,0.0053
"217","PPG","PPG","PPG12_Na","PPG_PPG12_Na",6.8e-05,0.00016,0.00041,0.0012
"218","PPG","PPG","PPG12_NH4","PPG_PPG12_NH4",0.00092,0.0028,0.0081,0.024
"219","PPG","PPG","PPG13","PPG_PPG13",0.00012,0.00044,0.0011,0.0026
"220","PPG","PPG","PPG13_Na","PPG_PPG13_Na",0.00011,0.00039,0.00071,0.0014
"221","PPG","PPG","PPG13_NH4","PPG_PPG13_NH4",0.00079,0.0021,0.0052,0.015
"222","PPG","PPG","PPG14","PPG_PPG14",0.00014,0.00038,0.00082,0.003
"223","PPG","PPG","PPG14_Na","PPG_PPG14_Na",5.9e-05,0.00018,0.00044,0.0016
"224","PPG","PPG","PPG14_NH4","PPG_PPG14_NH4",4e-04,0.0014,0.0038,0.011
"225","PPG","PPG","PPG15","PPG_PPG15",0.00027,0.00063,0.0017,0.0047
"226","PPG","PPG","PPG15_Na","PPG_PPG15_Na",3.6e-05,7.5e-05,0.00018,0.00037
"227","PPG","PPG","PPG15_NH4","PPG_PPG15_NH4",0.00046,0.0016,0.0036,0.01
"228","PPG","PPG","PPG16","PPG_PPG16",0.00013,0.00038,9e-04,0.0023
"229","PPG","PPG","PPG16_Na","PPG_PPG16_Na",3.7e-05,7.4e-05,0.00019,0.00063
"230","PPG","PPG","PPG16_NH4","PPG_PPG16_NH4",0.00028,0.00095,0.0025,0.0054
"231","PPG","PPG","PPG17","PPG_PPG17",0.00012,0.00027,6e-04,0.0013
"232","PPG","PPG","PPG17_Na","PPG_PPG17_Na",4.6e-05,8e-05,0.00017,0.00041
"233","PPG","PPG","PPG17_NH4","PPG_PPG17_NH4",2e-04,0.00071,0.0017,0.0038
"234","PPG","PPG","PPG18","PPG_PPG18",9.1e-05,0.00035,0.0016,0.0066
"235","PPG","PPG","PPG18_Na","PPG_PPG18_Na",9.8e-05,0.00031,0.00062,0.0013
"236","PPG","PPG","PPG18_NH4","PPG_PPG18_NH4",0.00033,0.00079,0.0016,0.0039
"237","PPG","PPG","PPG19","PPG_PPG19",0.00014,0.00027,0.00049,0.0011
"238","PPG","PPG","PPG19_Na","PPG_PPG19_Na",8.3e-05,0.00022,0.00067,0.0015
"239","PPG","PPG","PPG19_NH4","PPG_PPG19_NH4",0.00029,0.00083,0.002,0.0035
"240","PPG","PPG","PPG20","PPG_PPG20",9.4e-05,3e-04,0.00079,0.0015
"241","PPG","PPG","PPG20_Na","PPG_PPG20_Na",0.00011,0.00023,0.00062,0.0013
"242","PPG","PPG","PPG20_NH4","PPG_PPG20_NH4",0.00025,0.00055,0.0014,0.0034
"243","Stearyl-palmityldimethylammonium chloride","Others","SPDMA","Stearyl-palmityldimethylammonium chloride_SPDMA",0.00096,0.0031,0.0073,0.032
"244","Triton 101 ","Triton 101 ","(C2H4O)10 H","Triton 101 _(C2H4O)10 H",3.9e-05,8.8e-05,0.00023,0.00082
"245","Triton 101 ","Triton 101 ","(C2H4O)10 Na","Triton 101 _(C2H4O)10 Na",9.9e-05,0.00025,8e-04,0.0014
"246","Triton 101 ","Triton 101 ","(C2H4O)10 NH4","Triton 101 _(C2H4O)10 NH4",6.3e-05,0.00017,0.00059,0.0024
"247","Triton 101 ","Triton 101 ","(C2H4O)11 H","Triton 101 _(C2H4O)11 H",2.1e-05,7.8e-05,0.00026,0.00094
"248","Triton 101 ","Triton 101 ","(C2H4O)11 Na","Triton 101 _(C2H4O)11 Na",0.00047,0.0019,0.0047,0.0085
"249","Triton 101 ","Triton 101 ","(C2H4O)11 NH4","Triton 101 _(C2H4O)11 NH4",0.00012,0.00036,0.001,0.0044
"250","Triton 101 ","Triton 101 ","(C2H4O)12 H","Triton 101 _(C2H4O)12 H",1.9e-05,6e-05,0.00021,0.0011
"251","Triton 101 ","Triton 101 ","(C2H4O)12 Na","Triton 101 _(C2H4O)12 Na",2e-04,0.00047,0.00095,0.0029
"252","Triton 101 ","Triton 101 ","(C2H4O)12 NH4","Triton 101 _(C2H4O)12 NH4",4.4e-05,0.00016,0.00049,0.0015
"253","Triton 101 ","Triton 101 ","(C2H4O)13 H","Triton 101 _(C2H4O)13 H",2.8e-05,8.9e-05,0.00021,0.00074
"254","Triton 101 ","Triton 101 ","(C2H4O)13 Na","Triton 101 _(C2H4O)13 Na",0.00032,0.00058,0.0013,0.0021
"255","Triton 101 ","Triton 101 ","(C2H4O)13 NH4","Triton 101 _(C2H4O)13 NH4",4.6e-05,0.00013,4e-04,0.0012
"256","Triton 101 ","Triton 101 ","(C2H4O)14 H","Triton 101 _(C2H4O)14 H",1.4e-05,4.4e-05,0.00016,0.00071
"257","Triton 101 ","Triton 101 ","(C2H4O)14 Na","Triton 101 _(C2H4O)14 Na",3e-05,9.6e-05,0.00041,0.00092
"258","Triton 101 ","Triton 101 ","(C2H4O)14 NH4","Triton 101 _(C2H4O)14 NH4",3.1e-05,8.6e-05,0.00028,0.00097
"259","Triton 101 ","Triton 101 ","(C2H4O)15 H","Triton 101 _(C2H4O)15 H",2.9e-05,6.9e-05,0.00021,0.0014
"260","Triton 101 ","Triton 101 ","(C2H4O)15 Na","Triton 101 _(C2H4O)15 Na",7.6e-05,0.00052,0.00096,0.0025
"261","Triton 101 ","Triton 101 ","(C2H4O)15 NH4","Triton 101 _(C2H4O)15 NH4",5.2e-05,0.00016,4e-04,0.001
"262","Triton 101 ","Triton 101 ","(C2H4O)16 H","Triton 101 _(C2H4O)16 H",3.7e-05,0.00011,0.00027,0.00059
"263","Triton 101 ","Triton 101 ","(C2H4O)16 Na","Triton 101 _(C2H4O)16 Na",1e-04,3e-04,0.00069,0.0013
"264","Triton 101 ","Triton 101 ","(C2H4O)16 NH4","Triton 101 _(C2H4O)16 NH4",2.9e-05,8.8e-05,0.00023,0.00061
"265","Triton 101 ","Triton 101 ","(C2H4O)17 H","Triton 101 _(C2H4O)17 H",3.1e-05,5.7e-05,0.00016,0.00048
"266","Triton 101 ","Triton 101 ","(C2H4O)17 Na","Triton 101 _(C2H4O)17 Na",5.7e-05,0.00021,0.00091,0.0017
"267","Triton 101 ","Triton 101 ","(C2H4O)17 NH4","Triton 101 _(C2H4O)17 NH4",2.6e-05,9.4e-05,0.00035,0.00091
"268","Triton 101 ","Triton 101 ","(C2H4O)18 H","Triton 101 _(C2H4O)18 H",2.7e-05,8e-05,0.00028,0.00056
"269","Triton 101 ","Triton 101 ","(C2H4O)18 Na","Triton 101 _(C2H4O)18 Na",1.8e-05,7.6e-05,0.00074,0.0015
"270","Triton 101 ","Triton 101 ","(C2H4O)18 NH4","Triton 101 _(C2H4O)18 NH4",3.3e-05,1e-04,0.00027,0.0015
"271","Triton 101 ","Triton 101 ","(C2H4O)19 H","Triton 101 _(C2H4O)19 H",1.2e-05,2.8e-05,7.9e-05,4e-04
"272","Triton 101 ","Triton 101 ","(C2H4O)19 Na","Triton 101 _(C2H4O)19 Na",2.2e-05,7.7e-05,0.00051,0.0014
"273","Triton 101 ","Triton 101 ","(C2H4O)19 NH4","Triton 101 _(C2H4O)19 NH4",3.6e-05,1e-04,0.00079,0.0014
"274","Triton 101 ","Triton 101 ","(C2H4O)20 H","Triton 101 _(C2H4O)20 H",2.9e-05,1e-04,0.00038,0.0011
"275","Triton 101 ","Triton 101 ","(C2H4O)20 Na","Triton 101 _(C2H4O)20 Na",2.4e-05,8.2e-05,0.00063,0.0015
"276","Triton 101 ","Triton 101 ","(C2H4O)20 NH4","Triton 101 _(C2H4O)20 NH4",5.5e-05,0.00015,0.00049,0.0011
"277","Triton 101 ","Triton 101 ","(C2H4O)3 H","Triton 101 _(C2H4O)3 H",5.9e-05,0.00022,0.00071,0.0019
"278","Triton 101 ","Triton 101 ","(C2H4O)3 Na","Triton 101 _(C2H4O)3 Na",0.00028,0.0012,0.0028,0.0041
"279","Triton 101 ","Triton 101 ","(C2H4O)3 NH4","Triton 101 _(C2H4O)3 NH4",2.5e-05,8.4e-05,0.00024,0.00098
"280","Triton 101 ","Triton 101 ","(C2H4O)4 H","Triton 101 _(C2H4O)4 H",3e-05,8.7e-05,0.00029,9e-04
"281","Triton 101 ","Triton 101 ","(C2H4O)4 Na","Triton 101 _(C2H4O)4 Na",3e-04,8e-04,0.0018,0.0036
"282","Triton 101 ","Triton 101 ","(C2H4O)4 NH4","Triton 101 _(C2H4O)4 NH4",3.3e-05,9.6e-05,0.00038,0.0011
"283","Triton 101 ","Triton 101 ","(C2H4O)5 H","Triton 101 _(C2H4O)5 H",0.00018,0.00047,0.0015,0.0038
"284","Triton 101 ","Triton 101 ","(C2H4O)5 Na","Triton 101 _(C2H4O)5 Na",0.00031,0.00096,0.0031,0.0082
"285","Triton 101 ","Triton 101 ","(C2H4O)5 NH4","Triton 101 _(C2H4O)5 NH4",3.5e-05,0.00011,0.00041,0.0013
"286","Triton 101 ","Triton 101 ","(C2H4O)6 H","Triton 101 _(C2H4O)6 H",3e-04,0.0011,0.003,0.0073
"287","Triton 101 ","Triton 101 ","(C2H4O)6 Na","Triton 101 _(C2H4O)6 Na",6e-04,0.001,0.0018,0.0066
"288","Triton 101 ","Triton 101 ","(C2H4O)6 NH4","Triton 101 _(C2H4O)6 NH4",9.1e-05,0.00031,0.001,0.0031
"289","Triton 101 ","Triton 101 ","(C2H4O)7 H","Triton 101 _(C2H4O)7 H",0.00042,0.0011,0.0026,0.0074
"290","Triton 101 ","Triton 101 ","(C2H4O)7 Na","Triton 101 _(C2H4O)7 Na",0.00018,3e-04,9e-04,0.0043
"291","Triton 101 ","Triton 101 ","(C2H4O)7 NH4","Triton 101 _(C2H4O)7 NH4",4.4e-05,0.00027,0.00097,0.0036
"292","Triton 101 ","Triton 101 ","(C2H4O)8 H","Triton 101 _(C2H4O)8 H",9.8e-05,0.00032,0.00081,0.002
"293","Triton 101 ","Triton 101 ","(C2H4O)8 Na","Triton 101 _(C2H4O)8 Na",9.5e-05,0.00017,0.00046,0.0025
"294","Triton 101 ","Triton 101 ","(C2H4O)8 NH4","Triton 101 _(C2H4O)8 NH4",6.7e-05,0.00039,0.0014,0.005
"295","Triton 101 ","Triton 101 ","(C2H4O)9 H","Triton 101 _(C2H4O)9 H",0.0033,0.013,0.032,0.089
"296","Triton 101 ","Triton 101 ","(C2H4O)9 Na","Triton 101 _(C2H4O)9 Na",2.9e-05,7.7e-05,0.00029,0.0015
"297","Triton 101 ","Triton 101 ","(C2H4O)9 NH4","Triton 101 _(C2H4O)9 NH4",5.1e-05,0.00023,0.00081,0.0031
"298","Triton 101 Reduced ","Triton 101 Reduced ","(C2H4O)10","Triton 101 Reduced _(C2H4O)10",2.6e-05,7.9e-05,0.00017,0.00037
"299","Triton 101 Reduced ","Triton 101 Reduced ","(C2H4O)11","Triton 101 Reduced _(C2H4O)11",1.1e-05,4.3e-05,0.00011,0.00025
"300","Triton 101 Reduced ","Triton 101 Reduced ","(C2H4O)12","Triton 101 Reduced _(C2H4O)12",4e-05,8.5e-05,0.00028,8e-04
"301","Triton 101 Reduced ","Triton 101 Reduced ","(C2H4O)13","Triton 101 Reduced _(C2H4O)13",4.6e-05,0.00011,0.00027,0.00076
"302","Triton 101 Reduced ","Triton 101 Reduced ","(C2H4O)14","Triton 101 Reduced _(C2H4O)14",3.1e-05,7.5e-05,0.00015,5e-04
"303","Triton 101 Reduced ","Triton 101 Reduced ","(C2H4O)15","Triton 101 Reduced _(C2H4O)15",2.5e-05,6.3e-05,0.00019,6e-04
"304","Triton 101 Reduced ","Triton 101 Reduced ","(C2H4O)16","Triton 101 Reduced _(C2H4O)16",0.00014,0.00047,0.0011,0.0024
"305","Triton 101 Reduced ","Triton 101 Reduced ","(C2H4O)17","Triton 101 Reduced _(C2H4O)17",3.9e-05,9.6e-05,0.00028,0.00053
"306","Triton 101 Reduced ","Triton 101 Reduced ","(C2H4O)18","Triton 101 Reduced _(C2H4O)18",5.2e-05,0.00032,0.0012,0.0023
"307","Triton 101 Reduced ","Triton 101 Reduced ","(C2H4O)19","Triton 101 Reduced _(C2H4O)19",9.4e-05,0.00035,0.0014,0.0059
"308","Triton 101 Reduced ","Triton 101 Reduced ","(C2H4O)20","Triton 101 Reduced _(C2H4O)20",4.1e-05,0.00012,0.00025,0.00063
"309","Triton 101 Reduced ","Triton 101 Reduced ","(C2H4O)3","Triton 101 Reduced _(C2H4O)3",1.2e-05,0.00012,0.00087,0.0066
"310","Triton 101 Reduced ","Triton 101 Reduced ","(C2H4O)4","Triton 101 Reduced _(C2H4O)4",1.6e-06,4.5e-06,1.2e-05,4.3e-05
"311","Triton 101 Reduced ","Triton 101 Reduced ","(C2H4O)5","Triton 101 Reduced _(C2H4O)5",3e-06,7.5e-06,1.6e-05,5.1e-05
"312","Triton 101 Reduced ","Triton 101 Reduced ","(C2H4O)6","Triton 101 Reduced _(C2H4O)6",8.6e-06,1.6e-05,4e-05,0.00018
"313","Triton 101 Reduced ","Triton 101 Reduced ","(C2H4O)7","Triton 101 Reduced _(C2H4O)7",6.1e-06,1.9e-05,4.5e-05,0.00011
"314","Triton 101 Reduced ","Triton 101 Reduced ","(C2H4O)8","Triton 101 Reduced _(C2H4O)8",5.7e-06,1.5e-05,4.6e-05,1e-04
"315","Triton 101 Reduced ","Triton 101 Reduced ","(C2H4O)9","Triton 101 Reduced _(C2H4O)9",1.6e-05,4.4e-05,0.00013,0.00026
"316","Triton X-100 Reduced ","Triton X-100 Reduced ","(C2H4O)10","Triton X-100 Reduced _(C2H4O)10",8.5e-06,2.5e-05,7.1e-05,0.00041
"317","Triton X-100 Reduced ","Triton X-100 Reduced ","(C2H4O)11","Triton X-100 Reduced _(C2H4O)11",6.5e-05,0.00018,0.00043,0.0013
"318","Triton X-100 Reduced ","Triton X-100 Reduced ","(C2H4O)12","Triton X-100 Reduced _(C2H4O)12",4e-05,0.00012,0.00046,0.0018
"319","Triton X-100 Reduced ","Triton X-100 Reduced ","(C2H4O)13","Triton X-100 Reduced _(C2H4O)13",3.1e-05,0.00012,0.00033,0.00086
"320","Triton X-100 Reduced ","Triton X-100 Reduced ","(C2H4O)14","Triton X-100 Reduced _(C2H4O)14",1.1e-05,4.5e-05,0.00016,0.00091
"321","Triton X-100 Reduced ","Triton X-100 Reduced ","(C2H4O)15","Triton X-100 Reduced _(C2H4O)15",6.6e-05,0.00014,0.00032,0.0014
"322","Triton X-100 Reduced ","Triton X-100 Reduced ","(C2H4O)16","Triton X-100 Reduced _(C2H4O)16",9.3e-05,0.00026,0.00058,0.001
"323","Triton X-100 Reduced ","Triton X-100 Reduced ","(C2H4O)17","Triton X-100 Reduced _(C2H4O)17",2.4e-05,5.2e-05,0.00014,3e-04
"324","Triton X-100 Reduced ","Triton X-100 Reduced ","(C2H4O)18","Triton X-100 Reduced _(C2H4O)18",5.7e-05,0.00014,0.00033,0.001
"325","Triton X-100 Reduced ","Triton X-100 Reduced ","(C2H4O)19","Triton X-100 Reduced _(C2H4O)19",4.1e-05,0.00012,0.00024,0.00047
"326","Triton X-100 Reduced ","Triton X-100 Reduced ","(C2H4O)20","Triton X-100 Reduced _(C2H4O)20",3.9e-05,9.6e-05,0.00025,0.00089
"327","Triton X-100 Reduced ","Triton X-100 Reduced ","(C2H4O)3","Triton X-100 Reduced _(C2H4O)3",1.7e-05,3.1e-05,6.5e-05,0.00012
"328","Triton X-100 Reduced ","Triton X-100 Reduced ","(C2H4O)4","Triton X-100 Reduced _(C2H4O)4",9.1e-06,2.7e-05,5.6e-05,0.00018
"329","Triton X-100 Reduced ","Triton X-100 Reduced ","(C2H4O)5","Triton X-100 Reduced _(C2H4O)5",6.7e-06,1.7e-05,6.1e-05,0.00017
"330","Triton X-100 Reduced ","Triton X-100 Reduced ","(C2H4O)6","Triton X-100 Reduced _(C2H4O)6",3.1e-06,9.4e-06,2.6e-05,7.1e-05
"331","Triton X-100 Reduced ","Triton X-100 Reduced ","(C2H4O)7","Triton X-100 Reduced _(C2H4O)7",8.7e-06,2.6e-05,6.6e-05,0.00013
"332","Triton X-100 Reduced ","Triton X-100 Reduced ","(C2H4O)8","Triton X-100 Reduced _(C2H4O)8",8.1e-06,1.7e-05,4e-05,0.00012
"333","Triton X-100 Reduced ","Triton X-100 Reduced ","(C2H4O)9","Triton X-100 Reduced _(C2H4O)9",4.6e-06,1.5e-05,4.7e-05,0.00013
"334","Triton X-100","Triton X-100","(C2H4O)10","Triton X-100_(C2H4O)10",0.00027,0.00074,0.0015,0.0045
"335","Triton X-100","Triton X-100","(C2H4O)10 Na","Triton X-100_(C2H4O)10 Na",0.00071,0.0013,0.0021,0.0029
"336","Triton X-100","Triton X-100","(C2H4O)10 NH4","Triton X-100_(C2H4O)10 NH4",0.00015,0.00043,0.0012,0.0036
"337","Triton X-100","Triton X-100","(C2H4O)11","Triton X-100_(C2H4O)11",4.5e-05,0.00014,0.00051,0.0021
"338","Triton X-100","Triton X-100","(C2H4O)11 Na","Triton X-100_(C2H4O)11 Na",0.00022,0.00048,0.0011,0.0022
"339","Triton X-100","Triton X-100","(C2H4O)11 NH4","Triton X-100_(C2H4O)11 NH4",1e-04,0.00025,0.00068,0.0021
"340","Triton X-100","Triton X-100","(C2H4O)12","Triton X-100_(C2H4O)12",4.4e-05,0.00012,5e-04,0.0017
"341","Triton X-100","Triton X-100","(C2H4O)12 Na","Triton X-100_(C2H4O)12 Na",0.00018,3e-04,0.00063,0.0011
"342","Triton X-100","Triton X-100","(C2H4O)12 NH4","Triton X-100_(C2H4O)12 NH4",0.00012,0.00035,0.0012,0.005
"343","Triton X-100","Triton X-100","(C2H4O)13","Triton X-100_(C2H4O)13",3.7e-05,9.1e-05,0.00041,0.00081
"344","Triton X-100","Triton X-100","(C2H4O)13 Na","Triton X-100_(C2H4O)13 Na",3e-04,0.00068,0.0011,0.002
"345","Triton X-100","Triton X-100","(C2H4O)13 NH4","Triton X-100_(C2H4O)13 NH4",9.7e-05,0.00021,0.00041,0.0012
"346","Triton X-100","Triton X-100","(C2H4O)14","Triton X-100_(C2H4O)14",2e-05,6.1e-05,0.00023,0.00052
"347","Triton X-100","Triton X-100","(C2H4O)14 Na","Triton X-100_(C2H4O)14 Na",0.00079,0.0017,0.0033,0.015
"348","Triton X-100","Triton X-100","(C2H4O)14 NH4","Triton X-100_(C2H4O)14 NH4",6.4e-05,0.00019,0.00039,0.001
"349","Triton X-100","Triton X-100","(C2H4O)15","Triton X-100_(C2H4O)15",3.1e-05,9e-05,0.00022,0.00049
"350","Triton X-100","Triton X-100","(C2H4O)15 Na","Triton X-100_(C2H4O)15 Na",4.8e-05,0.00012,0.00032,0.001
"351","Triton X-100","Triton X-100","(C2H4O)15 NH4","Triton X-100_(C2H4O)15 NH4",2.1e-05,4.6e-05,0.00012,0.00048
"352","Triton X-100","Triton X-100","(C2H4O)16","Triton X-100_(C2H4O)16",1.4e-05,3.5e-05,8.5e-05,0.00028
"353","Triton X-100","Triton X-100","(C2H4O)16 Na","Triton X-100_(C2H4O)16 Na",8.2e-05,0.00054,0.0017,0.003
"354","Triton X-100","Triton X-100","(C2H4O)16 NH4","Triton X-100_(C2H4O)16 NH4",0.00014,0.00037,0.0016,0.0045
"355","Triton X-100","Triton X-100","(C2H4O)17","Triton X-100_(C2H4O)17",7e-05,0.00045,0.0012,0.0023
"356","Triton X-100","Triton X-100","(C2H4O)17 Na","Triton X-100_(C2H4O)17 Na",0.00015,5e-04,0.0015,0.0024
"357","Triton X-100","Triton X-100","(C2H4O)17 NH4","Triton X-100_(C2H4O)17 NH4",5.8e-05,0.00027,0.00076,0.0017
"358","Triton X-100","Triton X-100","(C2H4O)18","Triton X-100_(C2H4O)18",3.2e-05,0.00023,0.00047,0.00071
"359","Triton X-100","Triton X-100","(C2H4O)18 Na","Triton X-100_(C2H4O)18 Na",1.4e-05,4.9e-05,2e-04,5e-04
"360","Triton X-100","Triton X-100","(C2H4O)18 NH4","Triton X-100_(C2H4O)18 NH4",4.2e-05,0.00013,0.00066,0.0037
"361","Triton X-100","Triton X-100","(C2H4O)19","Triton X-100_(C2H4O)19",5e-05,0.00021,0.00072,0.0019
"362","Triton X-100","Triton X-100","(C2H4O)19 Na","Triton X-100_(C2H4O)19 Na",2.5e-05,7.8e-05,0.00022,0.00063
"363","Triton X-100","Triton X-100","(C2H4O)20","Triton X-100_(C2H4O)20",3e-05,7.2e-05,0.00022,0.0013
"364","Triton X-100","Triton X-100","(C2H4O)20 Na","Triton X-100_(C2H4O)20 Na",1.8e-05,4.8e-05,0.00013,3e-04
"365","Triton X-100","Triton X-100","(C2H4O)3 Na","Triton X-100_(C2H4O)3 Na",4e-04,0.0011,0.0027,0.0058
"366","Triton X-100","Triton X-100","(C2H4O)3 NH4","Triton X-100_(C2H4O)3 NH4",3.5e-05,1e-04,0.00026,0.0014
"367","Triton X-100","Triton X-100","(C2H4O)4","Triton X-100_(C2H4O)4",4.4e-05,0.00013,0.00031,0.00074
"368","Triton X-100","Triton X-100","(C2H4O)4 Na","Triton X-100_(C2H4O)4 Na",0.00024,0.00095,0.0039,0.0086
"369","Triton X-100","Triton X-100","(C2H4O)4 NH4","Triton X-100_(C2H4O)4 NH4",2.6e-05,6.2e-05,0.00016,0.00047
"370","Triton X-100","Triton X-100","(C2H4O)5","Triton X-100_(C2H4O)5",0.00037,0.001,0.0034,0.0074
"371","Triton X-100","Triton X-100","(C2H4O)5 Na","Triton X-100_(C2H4O)5 Na",0.00087,0.0017,0.0031,0.0047
"372","Triton X-100","Triton X-100","(C2H4O)5 NH4","Triton X-100_(C2H4O)5 NH4",5.7e-05,0.00017,0.00055,0.0017
"373","Triton X-100","Triton X-100","(C2H4O)6","Triton X-100_(C2H4O)6",0.00043,0.0012,0.0039,0.01
"374","Triton X-100","Triton X-100","(C2H4O)6 Na","Triton X-100_(C2H4O)6 Na",0.0032,0.0058,0.012,0.022
"375","Triton X-100","Triton X-100","(C2H4O)6 NH4","Triton X-100_(C2H4O)6 NH4",1e-04,0.00025,0.00069,0.0024
"376","Triton X-100","Triton X-100","(C2H4O)7","Triton X-100_(C2H4O)7",0.00016,0.00057,0.0032,0.0074
"377","Triton X-100","Triton X-100","(C2H4O)7 Na","Triton X-100_(C2H4O)7 Na",0.001,0.002,0.0037,0.0068
"378","Triton X-100","Triton X-100","(C2H4O)7 NH4","Triton X-100_(C2H4O)7 NH4",0.00015,0.00038,0.00092,0.0036
"379","Triton X-100","Triton X-100","(C2H4O)8","Triton X-100_(C2H4O)8",8.8e-05,0.00024,0.0011,0.0077
"380","Triton X-100","Triton X-100","(C2H4O)8 Na","Triton X-100_(C2H4O)8 Na",0.00013,0.00024,0.00046,0.00084
"381","Triton X-100","Triton X-100","(C2H4O)8 NH4","Triton X-100_(C2H4O)8 NH4",0.00011,0.00028,0.00089,0.0026
"382","Triton X-100","Triton X-100","(C2H4O)9","Triton X-100_(C2H4O)9",0.00012,3e-04,0.0014,0.0064
"383","Triton X-100","Triton X-100","(C2H4O)9 Na","Triton X-100_(C2H4O)9 Na",0.00019,0.00053,0.0012,0.0027
"384","Triton X-100","Triton X-100","(C2H4O)9 NH4","Triton X-100_(C2H4O)9 NH4",0.00015,0.00044,0.0011,0.0034
"385","Tween 20","Tween 20","(C2H4O) 10 ","Tween 20_(C2H4O) 10 ",7.5e-05,0.00023,0.00048,0.0015
"386","Tween 20","Tween 20","(C2H4O) 10 HN4","Tween 20_(C2H4O) 10 HN4",1.8e-05,6.6e-05,0.00021,0.0013
"387","Tween 20","Tween 20","(C2H4O) 10 Na","Tween 20_(C2H4O) 10 Na",2e-04,0.00039,0.0022,0.0046
"388","Tween 20","Tween 20","(C2H4O) 11 ","Tween 20_(C2H4O) 11 ",0.00013,0.00054,0.0013,0.0026
"389","Tween 20","Tween 20","(C2H4O) 11 HN4","Tween 20_(C2H4O) 11 HN4",8.6e-06,2.1e-05,6.1e-05,3e-04
"390","Tween 20","Tween 20","(C2H4O) 11 Na","Tween 20_(C2H4O) 11 Na",0.00097,0.0037,0.012,0.026
"391","Tween 20","Tween 20","(C2H4O) 12 ","Tween 20_(C2H4O) 12 ",3.5e-05,0.00016,0.00044,0.00069
"392","Tween 20","Tween 20","(C2H4O) 12 HN4","Tween 20_(C2H4O) 12 HN4",2.1e-05,6.2e-05,0.00016,0.00031
"393","Tween 20","Tween 20","(C2H4O) 12 Na","Tween 20_(C2H4O) 12 Na",0.0014,0.0083,0.019,0.036
"394","Tween 20","Tween 20","(C2H4O) 13 ","Tween 20_(C2H4O) 13 ",3.4e-05,9.4e-05,0.00024,0.00091
"395","Tween 20","Tween 20","(C2H4O) 13 HN4","Tween 20_(C2H4O) 13 HN4",3.6e-05,8.7e-05,0.00026,0.0012
"396","Tween 20","Tween 20","(C2H4O) 13 Na","Tween 20_(C2H4O) 13 Na",0.00023,0.0014,0.004,0.01
"397","Tween 20","Tween 20","(C2H4O) 14 ","Tween 20_(C2H4O) 14 ",2.5e-05,8e-05,0.00018,0.00057
"398","Tween 20","Tween 20","(C2H4O) 14 HN4","Tween 20_(C2H4O) 14 HN4",7e-05,0.00028,0.00095,0.0023
"399","Tween 20","Tween 20","(C2H4O) 14 Na","Tween 20_(C2H4O) 14 Na",0.00018,0.00047,0.00098,0.0019
"400","Tween 20","Tween 20","(C2H4O) 15 ","Tween 20_(C2H4O) 15 ",2e-05,4.4e-05,1e-04,0.00022
"401","Tween 20","Tween 20","(C2H4O) 15 HN4","Tween 20_(C2H4O) 15 HN4",3.5e-05,0.00012,0.00026,0.00054
"402","Tween 20","Tween 20","(C2H4O) 15 Na","Tween 20_(C2H4O) 15 Na",8.2e-05,0.00018,0.00035,0.00084
"403","Tween 20","Tween 20","(C2H4O) 16 ","Tween 20_(C2H4O) 16 ",3.5e-05,0.00014,0.00037,0.00078
"404","Tween 20","Tween 20","(C2H4O) 16 HN4","Tween 20_(C2H4O) 16 HN4",3.4e-05,0.00012,0.00037,0.00092
"405","Tween 20","Tween 20","(C2H4O) 16 Na","Tween 20_(C2H4O) 16 Na",1.9e-05,5e-05,0.00017,0.00042
"406","Tween 20","Tween 20","(C2H4O) 17 ","Tween 20_(C2H4O) 17 ",2.6e-05,6.7e-05,0.00021,0.00077
"407","Tween 20","Tween 20","(C2H4O) 17 HN4","Tween 20_(C2H4O) 17 HN4",3.6e-05,8e-05,2e-04,5e-04
"408","Tween 20","Tween 20","(C2H4O) 17 Na","Tween 20_(C2H4O) 17 Na",1.5e-05,4e-05,8.7e-05,0.00021
"409","Tween 20","Tween 20","(C2H4O) 18 ","Tween 20_(C2H4O) 18 ",9.5e-06,3.6e-05,0.00015,0.00089
"410","Tween 20","Tween 20","(C2H4O) 18 HN4","Tween 20_(C2H4O) 18 HN4",2.7e-05,7e-05,0.00019,0.00057
"411","Tween 20","Tween 20","(C2H4O) 18 Na","Tween 20_(C2H4O) 18 Na",2.1e-05,4.5e-05,0.00017,0.0012
"412","Tween 20","Tween 20","(C2H4O) 19 ","Tween 20_(C2H4O) 19 ",3e-05,7.5e-05,2e-04,0.0037
"413","Tween 20","Tween 20","(C2H4O) 19 HN4","Tween 20_(C2H4O) 19 HN4",3.4e-05,6.3e-05,0.00019,0.00051
"414","Tween 20","Tween 20","(C2H4O) 19 Na","Tween 20_(C2H4O) 19 Na",1.2e-05,3.2e-05,9.3e-05,0.00023
"415","Tween 20","Tween 20","(C2H4O) 20 ","Tween 20_(C2H4O) 20 ",2e-05,4.8e-05,0.00011,0.00045
"416","Tween 20","Tween 20","(C2H4O) 20 HN4","Tween 20_(C2H4O) 20 HN4",3e-05,7.5e-05,0.00017,0.00036
"417","Tween 20","Tween 20","(C2H4O) 20 Na","Tween 20_(C2H4O) 20 Na",1.6e-05,0.00017,0.00056,0.0017
"418","Tween 20","Tween 20","(C2H4O) 21 ","Tween 20_(C2H4O) 21 ",1.8e-05,5.4e-05,0.00017,0.00066
"419","Tween 20","Tween 20","(C2H4O) 21 HN4","Tween 20_(C2H4O) 21 HN4",0.00015,0.00041,0.0026,0.0038
"420","Tween 20","Tween 20","(C2H4O) 21 Na","Tween 20_(C2H4O) 21 Na",0.00029,0.0016,0.0036,0.0096
"421","Tween 20","Tween 20","(C2H4O) 22 ","Tween 20_(C2H4O) 22 ",2.8e-05,7.2e-05,0.00016,0.00034
"422","Tween 20","Tween 20","(C2H4O) 22 HN4","Tween 20_(C2H4O) 22 HN4",1.5e-05,3.3e-05,8.2e-05,0.00035
"423","Tween 20","Tween 20","(C2H4O) 22 Na","Tween 20_(C2H4O) 22 Na",5.3e-05,0.00015,0.00037,0.00085
"424","Tween 20","Tween 20","(C2H4O) 23 ","Tween 20_(C2H4O) 23 ",1.9e-05,3.9e-05,1e-04,0.00037
"425","Tween 20","Tween 20","(C2H4O) 23 HN4","Tween 20_(C2H4O) 23 HN4",1.2e-05,3.1e-05,8.9e-05,0.00036
"426","Tween 20","Tween 20","(C2H4O) 23 Na","Tween 20_(C2H4O) 23 Na",1.1e-05,2.9e-05,7.3e-05,0.00018
"427","Tween 20","Tween 20","(C2H4O) 24 ","Tween 20_(C2H4O) 24 ",1.7e-05,6.2e-05,0.00034,0.001
"428","Tween 20","Tween 20","(C2H4O) 24 HN4","Tween 20_(C2H4O) 24 HN4",3.8e-05,0.00017,0.00065,0.0021
"429","Tween 20","Tween 20","(C2H4O) 24 Na","Tween 20_(C2H4O) 24 Na",1.5e-05,3.1e-05,7.1e-05,0.00027
"430","Tween 20","Tween 20","(C2H4O) 25 ","Tween 20_(C2H4O) 25 ",2.3e-05,7.7e-05,0.00025,0.00094
"431","Tween 20","Tween 20","(C2H4O) 25 HN4","Tween 20_(C2H4O) 25 HN4",2.2e-05,5.6e-05,9.2e-05,0.00017
"432","Tween 20","Tween 20","(C2H4O) 25 Na","Tween 20_(C2H4O) 25 Na",1.6e-05,4.2e-05,0.00012,0.00033
"433","Tween 20","Tween 20","(C2H4O) 26 ","Tween 20_(C2H4O) 26 ",1e-05,2.5e-05,7.4e-05,0.00019
"434","Tween 20","Tween 20","(C2H4O) 26 HN4","Tween 20_(C2H4O) 26 HN4",0.00039,0.00091,0.0017,0.0024
"435","Tween 20","Tween 20","(C2H4O) 26 Na","Tween 20_(C2H4O) 26 Na",0.00014,0.0075,0.015,0.018
"436","Tween 20","Tween 20","(C2H4O) 27 ","Tween 20_(C2H4O) 27 ",0.00021,0.0012,0.0025,0.0033
"437","Tween 20","Tween 20","(C2H4O) 27 HN4","Tween 20_(C2H4O) 27 HN4",7.7e-05,0.0024,0.0048,0.011
"438","Tween 20","Tween 20","(C2H4O) 27 Na","Tween 20_(C2H4O) 27 Na",8.7e-05,0.00073,0.0013,0.0017
"439","Tween 20","Tween 20","(C2H4O) 28 ","Tween 20_(C2H4O) 28 ",1e-04,0.00053,0.0046,0.0079
"440","Tween 20","Tween 20","(C2H4O) 28 HN4","Tween 20_(C2H4O) 28 HN4",2e-05,0.002,0.0031,0.0045
"441","Tween 40","Tween 40","(C2H4O) 10 ","Tween 40_(C2H4O) 10 ",2.8e-05,7.3e-05,0.00024,0.00068
"442","Tween 40","Tween 40","(C2H4O) 10 HN4","Tween 40_(C2H4O) 10 HN4",6.8e-05,0.00027,0.00063,0.0012
"443","Tween 40","Tween 40","(C2H4O) 10 Na","Tween 40_(C2H4O) 10 Na",1e-05,3e-05,7.6e-05,0.00019
"444","Tween 40","Tween 40","(C2H4O) 11 ","Tween 40_(C2H4O) 11 ",1.5e-05,5.2e-05,0.00014,0.00032
"445","Tween 40","Tween 40","(C2H4O) 11 HN4","Tween 40_(C2H4O) 11 HN4",4e-05,0.00011,3e-04,0.00074
"446","Tween 40","Tween 40","(C2H4O) 11 Na","Tween 40_(C2H4O) 11 Na",2.1e-05,4.2e-05,9e-05,0.00025
"447","Tween 40","Tween 40","(C2H4O) 12 ","Tween 40_(C2H4O) 12 ",0.00017,0.0019,0.0068,0.018
"448","Tween 40","Tween 40","(C2H4O) 12 HN4","Tween 40_(C2H4O) 12 HN4",8.9e-05,0.00025,0.00053,0.0011
"449","Tween 40","Tween 40","(C2H4O) 12 Na","Tween 40_(C2H4O) 12 Na",0.00023,0.0025,0.0075,0.013
"450","Tween 40","Tween 40","(C2H4O) 13 ","Tween 40_(C2H4O) 13 ",3e-05,7.4e-05,0.00019,0.00047
"451","Tween 40","Tween 40","(C2H4O) 13 HN4","Tween 40_(C2H4O) 13 HN4",4.1e-05,0.00013,0.00028,6e-04
"452","Tween 40","Tween 40","(C2H4O) 13 Na","Tween 40_(C2H4O) 13 Na",4.5e-05,0.00017,0.00086,0.011
"453","Tween 40","Tween 40","(C2H4O) 14 ","Tween 40_(C2H4O) 14 ",5.1e-05,0.00035,0.0013,0.0024
"454","Tween 40","Tween 40","(C2H4O) 14 HN4","Tween 40_(C2H4O) 14 HN4",5.7e-05,0.00023,0.0015,0.0057
"455","Tween 40","Tween 40","(C2H4O) 14 Na","Tween 40_(C2H4O) 14 Na",2.9e-05,7.4e-05,0.00023,0.0011
"456","Tween 40","Tween 40","(C2H4O) 15 ","Tween 40_(C2H4O) 15 ",9.6e-05,0.00029,0.00069,0.0014
"457","Tween 40","Tween 40","(C2H4O) 15 HN4","Tween 40_(C2H4O) 15 HN4",3.3e-05,9.3e-05,0.00018,0.00036
"458","Tween 40","Tween 40","(C2H4O) 15 Na","Tween 40_(C2H4O) 15 Na",8.2e-05,0.00015,0.00041,0.00079
"459","Tween 40","Tween 40","(C2H4O) 16 ","Tween 40_(C2H4O) 16 ",2.8e-05,6.6e-05,0.00018,0.00041
"460","Tween 40","Tween 40","(C2H4O) 16 HN4","Tween 40_(C2H4O) 16 HN4",5.1e-05,0.00014,0.00031,0.00065
"461","Tween 40","Tween 40","(C2H4O) 16 Na","Tween 40_(C2H4O) 16 Na",3.9e-05,0.00014,0.00028,0.00086
"462","Tween 40","Tween 40","(C2H4O) 17 ","Tween 40_(C2H4O) 17 ",3.7e-05,9.6e-05,0.00028,0.00084
"463","Tween 40","Tween 40","(C2H4O) 17 HN4","Tween 40_(C2H4O) 17 HN4",2.3e-05,5e-05,0.00013,0.00028
"464","Tween 40","Tween 40","(C2H4O) 17 Na","Tween 40_(C2H4O) 17 Na",1.2e-05,3.3e-05,8.1e-05,0.00026
"465","Tween 40","Tween 40","(C2H4O) 18 ","Tween 40_(C2H4O) 18 ",3.4e-05,0.00013,0.00028,0.00063
"466","Tween 40","Tween 40","(C2H4O) 18 HN4","Tween 40_(C2H4O) 18 HN4",2.8e-05,6.7e-05,0.00012,0.00035
"467","Tween 40","Tween 40","(C2H4O) 18 Na","Tween 40_(C2H4O) 18 Na",3.4e-05,7.5e-05,0.00019,0.00052
"468","Tween 40","Tween 40","(C2H4O) 19 ","Tween 40_(C2H4O) 19 ",0.00017,0.00094,0.0029,0.0075
"469","Tween 40","Tween 40","(C2H4O) 19 HN4","Tween 40_(C2H4O) 19 HN4",3.5e-05,0.00013,0.00038,0.00093
"470","Tween 40","Tween 40","(C2H4O) 19 Na","Tween 40_(C2H4O) 19 Na",7e-05,0.00016,0.00036,0.001
"471","Tween 40","Tween 40","(C2H4O) 20 ","Tween 40_(C2H4O) 20 ",2.4e-05,6.9e-05,0.00029,0.00094
"472","Tween 40","Tween 40","(C2H4O) 20 HN4","Tween 40_(C2H4O) 20 HN4",1.8e-05,4.4e-05,0.00013,0.00042
"473","Tween 40","Tween 40","(C2H4O) 20 Na","Tween 40_(C2H4O) 20 Na",2.7e-05,8.8e-05,0.00025,0.00047
"474","Tween 40","Tween 40","(C2H4O) 21 ","Tween 40_(C2H4O) 21 ",2.5e-05,5.1e-05,0.00018,0.00058
"475","Tween 40","Tween 40","(C2H4O) 21 HN4","Tween 40_(C2H4O) 21 HN4",2.7e-05,5.3e-05,0.00012,0.00024
"476","Tween 40","Tween 40","(C2H4O) 21 Na","Tween 40_(C2H4O) 21 Na",1.7e-05,5e-05,0.00027,0.0021
"477","Tween 40","Tween 40","(C2H4O) 22 ","Tween 40_(C2H4O) 22 ",5.2e-05,0.00014,0.00032,0.00077
"478","Tween 40","Tween 40","(C2H4O) 22 HN4","Tween 40_(C2H4O) 22 HN4",7.4e-05,0.00016,0.00034,0.0015
"479","Tween 40","Tween 40","(C2H4O) 22 Na","Tween 40_(C2H4O) 22 Na",2.5e-05,8.9e-05,0.00023,5e-04
"480","Tween 40","Tween 40","(C2H4O) 23 ","Tween 40_(C2H4O) 23 ",1.7e-05,6.8e-05,0.00031,7e-04
"481","Tween 40","Tween 40","(C2H4O) 23 HN4","Tween 40_(C2H4O) 23 HN4",7.1e-05,0.00023,0.00054,0.0027
"482","Tween 40","Tween 40","(C2H4O) 23 Na","Tween 40_(C2H4O) 23 Na",2.9e-05,8.2e-05,3e-04,0.00075
"483","Tween 40","Tween 40","(C2H4O) 24 ","Tween 40_(C2H4O) 24 ",1.6e-05,4.4e-05,0.00011,0.00046
"484","Tween 40","Tween 40","(C2H4O) 24 HN4","Tween 40_(C2H4O) 24 HN4",3.7e-05,8.1e-05,0.00019,0.00043
"485","Tween 40","Tween 40","(C2H4O) 24 Na","Tween 40_(C2H4O) 24 Na",1.6e-05,4.2e-05,0.00014,5e-04
"486","Tween 40","Tween 40","(C2H4O) 25 ","Tween 40_(C2H4O) 25 ",0.00026,0.00061,0.001,0.0019
"487","Tween 40","Tween 40","(C2H4O) 25 HN4","Tween 40_(C2H4O) 25 HN4",6.1e-05,0.00037,0.00057,0.0013
"488","Tween 40","Tween 40","(C2H4O) 25 Na","Tween 40_(C2H4O) 25 Na",8.1e-05,0.00048,0.002,0.003
"489","Tween 40","Tween 40","(C2H4O) 26 ","Tween 40_(C2H4O) 26 ",5.8e-05,8e-04,0.013,0.017
"490","Tween 40","Tween 40","(C2H4O) 26 HN4","Tween 40_(C2H4O) 26 HN4",0.00013,0.00027,0.00076,0.0014
"491","Tween 40","Tween 40","(C2H4O) 26 Na","Tween 40_(C2H4O) 26 Na",7.9e-05,0.00045,0.0014,0.0028
"492","Tween 40","Tween 40","(C2H4O) 27 ","Tween 40_(C2H4O) 27 ",0.00011,0.00037,0.00058,0.0012
"493","Tween 60","Tween 60","(C2H4O) 10 ","Tween 60_(C2H4O) 10 ",2.9e-05,6.7e-05,0.00021,0.00048
"494","Tween 60","Tween 60","(C2H4O) 10 HN4","Tween 60_(C2H4O) 10 HN4",6.5e-05,0.00015,0.00033,0.00078
"495","Tween 60","Tween 60","(C2H4O) 10 Na","Tween 60_(C2H4O) 10 Na",2.6e-05,7.5e-05,0.00028,0.001
"496","Tween 60","Tween 60","(C2H4O) 11 ","Tween 60_(C2H4O) 11 ",6.9e-05,0.00027,0.001,0.0019
"497","Tween 60","Tween 60","(C2H4O) 11 HN4","Tween 60_(C2H4O) 11 HN4",0.00015,0.00053,0.0016,0.0034
"498","Tween 60","Tween 60","(C2H4O) 11 Na","Tween 60_(C2H4O) 11 Na",2.3e-05,6.5e-05,0.00032,0.00086
"499","Tween 60","Tween 60","(C2H4O) 12 ","Tween 60_(C2H4O) 12 ",1.8e-05,4.2e-05,0.00015,0.00064
"500","Tween 60","Tween 60","(C2H4O) 12 HN4","Tween 60_(C2H4O) 12 HN4",0.00011,0.00027,0.00049,0.0012
"501","Tween 60","Tween 60","(C2H4O) 12 Na","Tween 60_(C2H4O) 12 Na",3.8e-05,9.9e-05,0.00046,0.0015
"502","Tween 60","Tween 60","(C2H4O) 13 ","Tween 60_(C2H4O) 13 ",1.4e-05,4.1e-05,0.00011,0.00028
"503","Tween 60","Tween 60","(C2H4O) 13 HN4","Tween 60_(C2H4O) 13 HN4",4.3e-05,0.00011,0.00044,0.0011
"504","Tween 60","Tween 60","(C2H4O) 13 Na","Tween 60_(C2H4O) 13 Na",2.9e-05,5.9e-05,0.00016,0.00046
"505","Tween 60","Tween 60","(C2H4O) 14 ","Tween 60_(C2H4O) 14 ",3e-05,9.6e-05,0.00034,0.00067
"506","Tween 60","Tween 60","(C2H4O) 14 HN4","Tween 60_(C2H4O) 14 HN4",0.00025,0.00083,0.01,0.046
"507","Tween 60","Tween 60","(C2H4O) 14 Na","Tween 60_(C2H4O) 14 Na",3.5e-05,0.00015,0.00063,0.0012
"508","Tween 60","Tween 60","(C2H4O) 15 ","Tween 60_(C2H4O) 15 ",2.5e-05,6.9e-05,0.00019,0.00074
"509","Tween 60","Tween 60","(C2H4O) 15 HN4","Tween 60_(C2H4O) 15 HN4",5.3e-05,0.00015,0.00036,0.00085
"510","Tween 60","Tween 60","(C2H4O) 15 Na","Tween 60_(C2H4O) 15 Na",2.4e-05,5.8e-05,0.00016,0.00061
"511","Tween 60","Tween 60","(C2H4O) 16 ","Tween 60_(C2H4O) 16 ",8.8e-05,0.00024,0.00048,0.00087
"512","Tween 60","Tween 60","(C2H4O) 16 HN4","Tween 60_(C2H4O) 16 HN4",3.3e-05,9.8e-05,0.00023,0.00045
"513","Tween 60","Tween 60","(C2H4O) 16 Na","Tween 60_(C2H4O) 16 Na",3.3e-05,9.6e-05,0.00053,0.0021
"514","Tween 60","Tween 60","(C2H4O) 17 ","Tween 60_(C2H4O) 17 ",1.3e-05,3.7e-05,0.00013,0.00056
"515","Tween 60","Tween 60","(C2H4O) 17 HN4","Tween 60_(C2H4O) 17 HN4",2.2e-05,6.4e-05,0.00019,0.00068
"516","Tween 60","Tween 60","(C2H4O) 17 Na","Tween 60_(C2H4O) 17 Na",5.8e-05,0.00011,0.00026,0.00074
"517","Tween 60","Tween 60","(C2H4O) 18 ","Tween 60_(C2H4O) 18 ",2.7e-05,6e-05,0.00015,0.00032
"518","Tween 60","Tween 60","(C2H4O) 18 HN4","Tween 60_(C2H4O) 18 HN4",8.8e-05,0.00028,0.00068,0.0017
"519","Tween 60","Tween 60","(C2H4O) 18 Na","Tween 60_(C2H4O) 18 Na",1.5e-05,3e-05,7e-05,0.00022
"520","Tween 60","Tween 60","(C2H4O) 19 ","Tween 60_(C2H4O) 19 ",4.8e-05,0.00011,0.00032,0.00063
"521","Tween 60","Tween 60","(C2H4O) 19 HN4","Tween 60_(C2H4O) 19 HN4",3.5e-05,6.9e-05,0.00016,0.00054
"522","Tween 60","Tween 60","(C2H4O) 19 Na","Tween 60_(C2H4O) 19 Na",4.3e-05,0.00011,0.00067,0.0012
"523","Tween 60","Tween 60","(C2H4O) 20 ","Tween 60_(C2H4O) 20 ",1.8e-05,5.1e-05,0.00023,0.00061
"524","Tween 60","Tween 60","(C2H4O) 20 HN4","Tween 60_(C2H4O) 20 HN4",1.5e-05,4.1e-05,2e-04,0.0016
"525","Tween 60","Tween 60","(C2H4O) 20 Na","Tween 60_(C2H4O) 20 Na",1.4e-05,4.8e-05,0.00015,3e-04
"526","Tween 60","Tween 60","(C2H4O) 21 ","Tween 60_(C2H4O) 21 ",1.4e-05,4.1e-05,0.00011,0.00032
"527","Tween 60","Tween 60","(C2H4O) 21 HN4","Tween 60_(C2H4O) 21 HN4",9e-05,3e-04,0.00068,0.0018
"528","Tween 60","Tween 60","(C2H4O) 21 Na","Tween 60_(C2H4O) 21 Na",1.8e-05,3.7e-05,0.00013,0.00062
"529","Tween 60","Tween 60","(C2H4O) 22 ","Tween 60_(C2H4O) 22 ",2.6e-05,9.1e-05,0.00041,0.0019
"530","Tween 60","Tween 60","(C2H4O) 22 HN4","Tween 60_(C2H4O) 22 HN4",4.5e-05,9.6e-05,0.00024,0.00064
"531","Tween 60","Tween 60","(C2H4O) 22 Na","Tween 60_(C2H4O) 22 Na",3.8e-05,0.00027,0.0011,0.003
"532","Tween 60","Tween 60","(C2H4O) 23 ","Tween 60_(C2H4O) 23 ",0.00013,0.00033,0.0013,0.0033
"533","Tween 60","Tween 60","(C2H4O) 23 HN4","Tween 60_(C2H4O) 23 HN4",1.9e-05,4.2e-05,8e-05,0.00019
"534","Tween 60","Tween 60","(C2H4O) 23 Na","Tween 60_(C2H4O) 23 Na",2.2e-05,4e-05,0.00011,0.00021
"535","Tween 60","Tween 60","(C2H4O) 24 ","Tween 60_(C2H4O) 24 ",3.3e-05,0.00013,0.00048,0.0011
"536","Tween 60","Tween 60","(C2H4O) 24 HN4","Tween 60_(C2H4O) 24 HN4",0.00017,0.00034,0.00053,0.00063
"537","Tween 60","Tween 60","(C2H4O) 24 Na","Tween 60_(C2H4O) 24 Na",0.00019,0.00041,0.0011,0.0016
"538","Tween 60","Tween 60","(C2H4O) 25 ","Tween 60_(C2H4O) 25 ",0.00064,0.0014,0.004,0.006
"539","Tween 60","Tween 60","(C2H4O) 25 HN4","Tween 60_(C2H4O) 25 HN4",0.00037,0.00088,0.0035,0.0048
"540","Tween 60","Tween 60","(C2H4O) 25 Na","Tween 60_(C2H4O) 25 Na",5.6e-05,0.00074,0.0014,0.0025
"541","Tween 60","Tween 60","(C2H4O) 26 ","Tween 60_(C2H4O) 26 ",4.3e-05,1e-04,2e-04,0.00041
"542","Tween 60","Tween 60","(C2H4O) 26 HN4","Tween 60_(C2H4O) 26 HN4",3.6e-05,8.6e-05,0.00014,0.00029
"543","Tween 60","Tween 60","(C2H4O) 26 Na","Tween 60_(C2H4O) 26 Na",1.6e-05,0.00088,0.0025,0.0054
"544","Tween 80","Tween 80","(C2H4O) 10 ","Tween 80_(C2H4O) 10 ",1.3e-05,3.3e-05,8.6e-05,0.00024
"545","Tween 80","Tween 80","(C2H4O) 10 HN4","Tween 80_(C2H4O) 10 HN4",1.8e-05,6e-05,0.00016,0.00032
"546","Tween 80","Tween 80","(C2H4O) 10 Na","Tween 80_(C2H4O) 10 Na",2.5e-05,0.00013,7e-04,0.0033
"547","Tween 80","Tween 80","(C2H4O) 11 ","Tween 80_(C2H4O) 11 ",6.1e-05,0.00013,0.00031,0.00067
"548","Tween 80","Tween 80","(C2H4O) 11 HN4","Tween 80_(C2H4O) 11 HN4",7.8e-05,0.00033,0.0016,0.0056
"549","Tween 80","Tween 80","(C2H4O) 11 Na","Tween 80_(C2H4O) 11 Na",6.8e-05,0.00038,0.00086,0.0019
"550","Tween 80","Tween 80","(C2H4O) 12 ","Tween 80_(C2H4O) 12 ",2.8e-05,7.5e-05,0.00022,0.00046
"551","Tween 80","Tween 80","(C2H4O) 12 HN4","Tween 80_(C2H4O) 12 HN4",2.3e-05,5.7e-05,0.00018,0.00049
"552","Tween 80","Tween 80","(C2H4O) 12 Na","Tween 80_(C2H4O) 12 Na",2.9e-05,8.1e-05,0.00019,5e-04
"553","Tween 80","Tween 80","(C2H4O) 13 ","Tween 80_(C2H4O) 13 ",2e-05,6.5e-05,0.00025,0.0013
"554","Tween 80","Tween 80","(C2H4O) 13 HN4","Tween 80_(C2H4O) 13 HN4",4.4e-05,0.00027,0.0013,0.0024
"555","Tween 80","Tween 80","(C2H4O) 13 Na","Tween 80_(C2H4O) 13 Na",3.9e-05,0.00022,0.001,0.0032
"556","Tween 80","Tween 80","(C2H4O) 14 ","Tween 80_(C2H4O) 14 ",3.4e-05,0.00013,0.00049,0.0012
"557","Tween 80","Tween 80","(C2H4O) 14 HN4","Tween 80_(C2H4O) 14 HN4",3.2e-05,7.6e-05,0.00032,0.0015
"558","Tween 80","Tween 80","(C2H4O) 14 Na","Tween 80_(C2H4O) 14 Na",4e-05,0.00014,3e-04,0.00084
"559","Tween 80","Tween 80","(C2H4O) 15 ","Tween 80_(C2H4O) 15 ",1.7e-05,5.5e-05,2e-04,0.00052
"560","Tween 80","Tween 80","(C2H4O) 15 HN4","Tween 80_(C2H4O) 15 HN4",2.4e-05,6.9e-05,0.00022,5e-04
"561","Tween 80","Tween 80","(C2H4O) 15 Na","Tween 80_(C2H4O) 15 Na",3.2e-05,6.6e-05,0.00014,4e-04
"562","Tween 80","Tween 80","(C2H4O) 16 ","Tween 80_(C2H4O) 16 ",2.4e-05,6e-05,0.00018,0.00054
"563","Tween 80","Tween 80","(C2H4O) 16 HN4","Tween 80_(C2H4O) 16 HN4",2.7e-05,6.5e-05,0.00022,0.00055
"564","Tween 80","Tween 80","(C2H4O) 16 Na","Tween 80_(C2H4O) 16 Na",3.6e-05,1e-04,0.00022,0.00045
"565","Tween 80","Tween 80","(C2H4O) 17 ","Tween 80_(C2H4O) 17 ",2.4e-05,6e-05,0.00022,0.00056
"566","Tween 80","Tween 80","(C2H4O) 17 HN4","Tween 80_(C2H4O) 17 HN4",1.7e-05,5.8e-05,2e-04,5e-04
"567","Tween 80","Tween 80","(C2H4O) 17 Na","Tween 80_(C2H4O) 17 Na",1.6e-05,3.9e-05,0.00013,0.00023
"568","Tween 80","Tween 80","(C2H4O) 18 ","Tween 80_(C2H4O) 18 ",5e-05,0.00013,3e-04,0.0014
"569","Tween 80","Tween 80","(C2H4O) 18 HN4","Tween 80_(C2H4O) 18 HN4",0.00031,0.0021,0.0052,0.013
"570","Tween 80","Tween 80","(C2H4O) 18 Na","Tween 80_(C2H4O) 18 Na",1.9e-05,7.5e-05,0.00022,0.00043
"571","Tween 80","Tween 80","(C2H4O) 19 ","Tween 80_(C2H4O) 19 ",3.7e-05,9.4e-05,0.00021,7e-04
"572","Tween 80","Tween 80","(C2H4O) 19 HN4","Tween 80_(C2H4O) 19 HN4",3.1e-05,6.7e-05,0.00025,0.001
"573","Tween 80","Tween 80","(C2H4O) 19 Na","Tween 80_(C2H4O) 19 Na",9.9e-05,0.00044,0.0031,0.0096
"574","Tween 80","Tween 80","(C2H4O) 20 ","Tween 80_(C2H4O) 20 ",3.1e-05,9.1e-05,0.00057,0.0011
"575","Tween 80","Tween 80","(C2H4O) 20 HN4","Tween 80_(C2H4O) 20 HN4",3.6e-05,7.1e-05,0.00016,0.00027
"576","Tween 80","Tween 80","(C2H4O) 20 Na","Tween 80_(C2H4O) 20 Na",1.6e-05,3.8e-05,0.00012,0.00024
"577","Tween 80","Tween 80","(C2H4O) 21 ","Tween 80_(C2H4O) 21 ",2.4e-05,5.7e-05,0.00017,0.00049
"578","Tween 80","Tween 80","(C2H4O) 21 HN4","Tween 80_(C2H4O) 21 HN4",2.7e-05,7.2e-05,0.00014,0.00036
"579","Tween 80","Tween 80","(C2H4O) 21 Na","Tween 80_(C2H4O) 21 Na",2.5e-05,7.3e-05,0.00017,0.00061
"580","Tween 80","Tween 80","(C2H4O) 22 ","Tween 80_(C2H4O) 22 ",2.8e-05,0.00011,0.00052,0.0012
"581","Tween 80","Tween 80","(C2H4O) 22 HN4","Tween 80_(C2H4O) 22 HN4",1.6e-05,3.9e-05,1e-04,0.00028
"582","Tween 80","Tween 80","(C2H4O) 22 Na","Tween 80_(C2H4O) 22 Na",9.2e-06,2.3e-05,5.7e-05,0.00017
"583","Tween 80","Tween 80","(C2H4O) 23 ","Tween 80_(C2H4O) 23 ",4e-05,0.00015,0.00042,0.0019
"584","Tween 80","Tween 80","(C2H4O) 23 HN4","Tween 80_(C2H4O) 23 HN4",1.7e-05,3.7e-05,1e-04,0.00048
"585","Tween 80","Tween 80","(C2H4O) 23 Na","Tween 80_(C2H4O) 23 Na",1.1e-05,2.4e-05,6.2e-05,0.00016
"586","Tween 80","Tween 80","(C2H4O) 24 ","Tween 80_(C2H4O) 24 ",2e-05,4e-05,0.00012,0.00027
"587","Tween 80","Tween 80","(C2H4O) 24 HN4","Tween 80_(C2H4O) 24 HN4",0.00015,0.0018,0.0022,0.0033
"588","Tween 80","Tween 80","(C2H4O) 24 Na","Tween 80_(C2H4O) 24 Na",0.00027,0.0018,0.0074,0.01
"589","Tween 80","Tween 80","(C2H4O) 25 ","Tween 80_(C2H4O) 25 ",0.00012,0.00034,0.00061,0.0013
"590","Tween 80","Tween 80","(C2H4O) 25 HN4","Tween 80_(C2H4O) 25 HN4",8.8e-05,0.0013,0.038,0.05
"591","Tween 80","Tween 80","(C2H4O) 25 Na","Tween 80_(C2H4O) 25 Na",0.00011,0.00092,0.014,0.02
"592","Tween 80","Tween 80","(C2H4O) 26 ","Tween 80_(C2H4O) 26 ",0.00014,0.00025,0.00071,0.001
"593","Tween 80","Tween 80","(C2H4O) 26 HN4","Tween 80_(C2H4O) 26 HN4",5.5e-05,0.00014,0.00028,0.00042
"594","Tween 80","Tween 80","(C2H4O) 26 Na","Tween 80_(C2H4O) 26 Na",4.8e-05,0.00025,0.00049,0.00087
